Feature ID,Taxon,Confidence
64ba5d8c0e48db6924c1afe6b0c33aeb,Eukaryota;Chordata,0.880143633
c0bb563ce88d5f3b64c50a4732fa44dd,Eukaryota;Chordata,0.858612256
d0239823d15ea8b7712479f12ee6ead6,Eukaryota;Chordata,0.86162395
959e932fcc5277932c7e81376cfe3ac8,Eukaryota,0.999999521
93f83a97d28acfdec7907d737e654c81,Eukaryota,0.999999753
e18e03c8002bcba99ee4f7559d2e315a,Eukaryota;Chordata;Actinopteri;Anguilliformes;Muraenidae;Gymnothorax,0.990248727
aa380ec3e1e268f5fe81cd7043a50dc6,Eukaryota;Chordata,0.883663094
fe89c6eef73299d52954d22dff8d23de,Eukaryota;Chordata;Actinopteri,0.713285305
6c7830870866bbf278991e6352b7f836,Eukaryota;Chordata;Actinopteri,0.740803976
64943196638038c8193d83dd131dedb7,Eukaryota;Chordata;Mammalia;Primates;Hominidae;Homo,0.704608698
40b169e7ea2120cff14421de11b2e654,Eukaryota;Chordata,0.903087146
1d7bb5a89ca8318eea2aa2d8732a0ca0,Eukaryota;Chordata;Actinopteri,0.999988231
95dbbc9df60a0c6c300dc74f01d71539,Eukaryota;Chordata;Actinopteri,0.998319637
d137eda3a4742e5b3837c3f56d281e5d,Eukaryota;Chordata;Actinopteri;Carangiformes;Coryphaenidae;Coryphaena;Coryphaena hippurus,0.999994785
837b4c00996757906d9d66f31ad6c2e7,Eukaryota;Chordata;Actinopteri;Beloniformes;Belonidae,0.995350373
239177ce246affbb4186031f5532e10b,Eukaryota;Chordata;Actinopteri;Scombriformes;Scombridae;Euthynnus,0.92425519
b6e978e057af271c1b6a70f2e50452ee,Eukaryota;Chordata;Actinopteri;Myctophiformes;Myctophidae;Benthosema;Benthosema pterotum,0.999164216
93ee0b780fc8bac44942c60dba6fc4ac,Eukaryota;Chordata;Actinopteri;Myctophiformes;Myctophidae;Benthosema;Benthosema pterotum,0.998916259
c4babeda15babf1fc87d7a5cd0f584c0,Eukaryota;Chordata;Actinopteri;Syngnathiformes;Mullidae;Mulloidichthys,0.999999989
0169741527fd08a93b86874f62a80ed8,Eukaryota;Chordata;Actinopteri;Labriformes;Labridae;Scarus,0.999578954
364ce1e32e09316e968210a00d849402,Eukaryota;Chordata;Actinopteri;Anguilliformes;Muraenidae;Gymnothorax,0.992765942
ecebc21d821e8c180862871b69020066,Eukaryota;Chordata;Actinopteri;Acanthuriformes;Acanthuridae;Prionurus,0.99999342
a04f47ca71c0adadc5c3d2b3b1944846,Eukaryota;Chordata;Actinopteri;Lutjaniformes;Haemulidae;Haemulon;Haemulon flaviguttatum,0.999757702
b23e43082823831bedf6c4b146830ba3,Eukaryota;Chordata;Actinopteri;NA;Pomacentridae;Stegastes;Stegastes rectifraenum,0.999997985
a805ccd1c37c417834a3bbb5ae2e2fb1,Eukaryota;Chordata;Actinopteri;Perciformes;Serranidae;Paranthias;Cephalopholis colonus,0.999999865
540882f62468395c9a1119dcaa0d9cd4,Eukaryota;Chordata;Actinopteri;Centrarchiformes;Kyphosidae;Kyphosus;Kyphosus analogus,0.806017823
1e5d74f18b690f43a97d535301d6b52e,Eukaryota;Chordata;Actinopteri;Tetraodontiformes;Balistidae;Balistes;Balistes polylepis,0.997156497
60acba56f854d5a9d84690feea20e030,Eukaryota;Chordata;Actinopteri;Atheriniformes;Atherinopsidae;Atherinops;Atherinops affinis,0.995923534
a22001322efa6042ef44ee110516919f,Eukaryota;Chordata;Actinopteri;NA;Pomacentridae;Abudefduf,0.999999959
9c441101a1e40197ded9fe5566d0cd01,Eukaryota;Chordata;Actinopteri;NA;Pomacentridae;Chromis;Chromis atrilobata,0.999992035
3fab34843335afcdf3e59926404cc0d2,Eukaryota;Chordata;Actinopteri;Lutjaniformes;Haemulidae;Haemulon;Haemulon flaviguttatum,0.999783033
238bbd0694953a962ae57d7d84df9a09,Eukaryota;Chordata;Mammalia;Artiodactyla;Suidae;Sus;Sus scrofa,0.95664676
c0b5329c7f1b442b1a85b82573c745da,Eukaryota;Chordata;Actinopteri;Scombriformes;Scombridae;Euthynnus,0.923190865
3a14f31b6985f62365bc46bc4cb06d57,Eukaryota;Chordata;Actinopteri;NA;Pomacentridae;Stegastes;Stegastes rectifraenum,0.999987314
358d48406fafa0bc30ea939c207b1604,Eukaryota;Chordata;Actinopteri;Myctophiformes;Myctophidae;Benthosema;Benthosema pterotum,0.999721037
5709aae0749df2ba1577ee5b7f2ad8d4,Eukaryota;Chordata,0.859836372
62fb9f7c7ef92086cabdbc1c34659f44,Eukaryota;Chordata;Mammalia;Artiodactyla;Suidae;Sus;Sus scrofa,0.989639337
14116ac1dc49f6b7dbdad8951c737b6b,Eukaryota;Chordata;Actinopteri;Gobiiformes;Gobiidae;Coryphopterus;Coryphopterus urospilus,1
944bb6b9b53d92e857cb8d3c1c224df3,Eukaryota;Chordata;Actinopteri;Labriformes;Labridae;Thalassoma;Thalassoma lucasanum,0.82209316
8c6967644f15d143f883623e7d48f944,Eukaryota;Chordata;Actinopteri;Labriformes;Labridae;Scarus;Scarus ghobban,0.954361863
ef4c7fb787bc7dd1450695f0aa710040,Eukaryota;Chordata;Actinopteri;Clupeiformes;Clupeidae;Harengula;Harengula thrissina,0.999999999
24d06c590d9afa84c5a8769f0fde92f6,Eukaryota;Chordata;Actinopteri;Labriformes;Labridae;Bodianus;Bodianus diplotaenia,0.99997307
c6131e0943c6105c0d291c77245ea3b3,Eukaryota;Chordata;Actinopteri;Gobiiformes;Gobiidae;Bollmannia;Bollmannia boqueronensis,0.973203501
23e77c696c2bb669e6a3abe3c3797ed8,Eukaryota;Chordata;Actinopteri;Perciformes;Serranidae;Paranthias;Cephalopholis colonus,0.999999775
2cba153dd1ddd97abce1e8d68c1c5c19,Eukaryota;Chordata;Actinopteri;Centrarchiformes;Kyphosidae;Kyphosus;Kyphosus analogus,0.758448339
a2fef80c3d5b4b1624d366ac6e47c100,Eukaryota;Chordata;Actinopteri;Tetraodontiformes;Balistidae;Balistes;Balistes polylepis,0.99564116
d828756fa637988742e7ca6bdb964a1a,Eukaryota;Chordata;Actinopteri;Atheriniformes;Atherinopsidae;Atherinops;Atherinops affinis,0.995491693
35f8bf88d697122a93acff75896efa5e,Eukaryota;Chordata;Actinopteri;Lutjaniformes;Haemulidae;Anisotremus;Anisotremus davidsonii,0.901057276
9ff45a18441ef8671d50da63c2ba4302,Eukaryota;Chordata;Actinopteri;NA;Pomacentridae;Abudefduf,0.99999997
d6226343345552f63a6bda8be6802a4a,Eukaryota;Chordata;Actinopteri;NA;Pomacentridae;Chromis;Chromis atrilobata,0.999987025
e816a4e5175c063e1ec296c70a8740db,Eukaryota;Chordata;Actinopteri;Holocentriformes;Holocentridae;Myripristis;Myripristis pralinia,0.900274615
9606241b3dc644d753e52fb2ec7d130d,Eukaryota;Chordata;Actinopteri,0.777615303
76a5bc42c50fea5a93c637bc4076395f,Eukaryota;Chordata;Actinopteri,0.999853325
64e9ccb952584789b75cf7ab3aa8cfb0,Eukaryota;Chordata;Actinopteri,0.763948837
9a52f082f27d21758f6773c99221d16f,Eukaryota;Chordata;Actinopteri,0.999924163
abf6f1fcbefc3d6c5711e8d9177f1e70,Eukaryota;Chordata;Actinopteri;NA;Pomacentridae;Abudefduf,0.999999957
e6753324601dcc860153e69c7bc80728,Eukaryota;Chordata;Mammalia;Primates;Cercopithecidae;Cercocebus;Cercocebus atys,0.905608713
18b8b7fb0e7656be6578d6237918e943,Eukaryota;Chordata;Actinopteri;Atheriniformes;Atherinopsidae;Atherinops;Atherinops affinis,0.999737045
70b2a059e3a209092a31cf81be347141,Eukaryota;Chordata;Mammalia,0.999919727
8c75416345f7ca1ecb9f9972152e2b67,Eukaryota;Chordata;Actinopteri,0.98151969
f7d5d02455ffe043b81cd4ec597f6ad4,Eukaryota;Chordata;Actinopteri;NA;Pomacentridae;Abudefduf,0.999999965
14770449e7c9018d2cf20dd2de0a3fd6,Eukaryota;Chordata;Mammalia;Primates;Hominidae;Homo;Homo sapiens,0.999117241
d89933ad3cfd0f5943fc6aba29d28cb3,Eukaryota;Chordata;Actinopteri;Myctophiformes;Myctophidae;Benthosema;Benthosema pterotum,1
9e68ebc7102dc7cdd8e6dbfc78c2a0be,Eukaryota;Chordata;Actinopteri;Myctophiformes;Myctophidae;Benthosema;Benthosema pterotum,1
6d5128f37521c2ec70cdde54a4ea66ac,Eukaryota;Chordata;Actinopteri;Myctophiformes;Myctophidae;Benthosema;Benthosema pterotum,0.999999994
f2ba13d84ddf4b78b0b910a0279245f4,Eukaryota;Chordata;Actinopteri;Myctophiformes;Myctophidae;Benthosema;Benthosema pterotum,1
586260ae7e14a3eddfa0e59a5a8c6691,Eukaryota;Chordata;Actinopteri;Carangiformes;Coryphaenidae;Coryphaena;Coryphaena hippurus,0.999914467
076079b4899143b03cfa48ef9c1b5d5e,Eukaryota;Chordata;Mammalia;Carnivora;Felidae;Felis,0.991966694
3e1989504c0ae86229821d6bcde5e59b,Eukaryota;Chordata;Mammalia;Primates;Hominidae;Gorilla;Gorilla gorilla,0.998949977
a1d3d62fff04a736d2250eb7810778aa,Eukaryota;Chordata;Mammalia;Primates;Hominidae;Gorilla;Gorilla gorilla,0.98179224
7d1343efc557295ffbdedd8875652134,Eukaryota;Chordata;Mammalia;Primates;Hominidae;Gorilla;Gorilla gorilla,0.927433867
035904cc243fb126f342c49aff6b2e37,Eukaryota;Chordata;Mammalia;Primates;Hominidae;Homo;Homo sapiens,0.999868824
6edc88f63b197ecbe1e4dcb2f4ae98c1,Eukaryota;Chordata;Mammalia;Primates;Hominidae;Homo;Homo sapiens,0.999756221
83a9f76332556367e00bbd4bdcc0889f,Eukaryota;Chordata;Mammalia;Primates;Hominidae;Homo;Homo sapiens,0.999942297
02afebb71268594917fa69fbc6637889,Eukaryota;Chordata;Mammalia;Primates;Hominidae;Homo;Homo sapiens,0.99976053
244f37eecedc3c50e82e0cbf8fb3b697,Eukaryota;Chordata;Mammalia;Primates;Hominidae;Homo;Homo sapiens,0.999825626
4c5d84a29de462065e540e49d62a262f,Eukaryota;Chordata;Mammalia;Primates;Hominidae;Homo;Homo sapiens,0.998990427
b5e73c57fb40e57307cfc08fa3e500c6,Eukaryota;Chordata;Mammalia;Primates;Hominidae;Homo;Homo sapiens,0.999515748
a6b05470be1973a905c2a946717dd8c3,Eukaryota;Chordata;Mammalia;Carnivora;Otariidae;Zalophus;NA,0.90937147
d363797257fc5f49c8ec0c9e6cbf7392,Eukaryota;Chordata;Mammalia;Artiodactyla;Suidae;Sus;Sus scrofa,0.995284159
56f2890a62178fec4f57e9f56ffe0282,Eukaryota;Chordata;Mammalia;Artiodactyla;Suidae;Sus;Sus scrofa,0.999386908
56746295e600d52d1ca6832099704ccf,Eukaryota;Chordata;Mammalia;Artiodactyla;Suidae;Sus;Sus scrofa,0.995044699
19c693f42cb365035c714e619ba37005,Eukaryota;Chordata;Mammalia;Artiodactyla;Suidae;Sus;Sus scrofa,0.999374389
16c3ffedc382fa59453a4a902ffa860c,Eukaryota;Chordata;Mammalia;Artiodactyla;Bovidae;Bos;Bos taurus,0.998149431
e75110e493a85f1f5bc70a4f083f7cf3,Eukaryota;Chordata;Mammalia;Artiodactyla;Bovidae;Bos;Bos taurus,0.999821552
e3ff29d8e9b69fa7834626732b606cf9,Eukaryota;Chordata;Mammalia;Artiodactyla;Suidae;Sus;Sus scrofa,0.979063397
76f2e426ce84f9fedc47565e421e11e1,Eukaryota;Chordata;Mammalia;Carnivora;Felidae;Felis;Felis catus,0.738345034
d26313c10cde039a42c32765437db728,Eukaryota;Chordata;Mammalia;Artiodactyla;Delphinidae;Tursiops;Tursiops truncatus,0.890780518
0603e3f76cad356a614f11e7de595d30,Eukaryota;Chordata;Actinopteri;Scombriformes;Trichiuridae;Trichiurus;Trichiurus nitens,0.964900781
01a02a4a4480e020913702d4f9d056e1,Eukaryota;Chordata;Actinopteri,0.998472364
ddd766afe08f7b4de9ab4dd62d6e7c5e,Eukaryota;Chordata;Actinopteri;Carangiformes;Coryphaenidae;Coryphaena;Coryphaena hippurus,0.99999478
93299d80d659f1a805b16a21d94b35a5,Eukaryota;Chordata;Actinopteri;Carangiformes;Coryphaenidae;Coryphaena;Coryphaena hippurus,0.99999478
ad667c90eb0efba973e83fe82681fe69,Eukaryota;Chordata;Actinopteri;Carangiformes;Coryphaenidae;Coryphaena;Coryphaena hippurus,0.999995078
d643b1c618efb8bf65c01ac18ae1175c,Eukaryota;Chordata;Actinopteri;Carangiformes;Coryphaenidae;Coryphaena;Coryphaena hippurus,0.99999478
bb7402f05c2de3969d99537153b29ecb,Eukaryota;Chordata;Actinopteri;Carangiformes;Coryphaenidae;Coryphaena;Coryphaena hippurus,0.998788827
887d879b73fe8521889847fe2508a6fb,Eukaryota;Chordata;Actinopteri;Carangiformes;Coryphaenidae;Coryphaena;Coryphaena hippurus,0.999607683
1f77f4906e16c5b4abbda8f24eab6658,Eukaryota;Chordata;Actinopteri;Carangiformes;Coryphaenidae;Coryphaena;Coryphaena hippurus,0.99999478
d0d710d09169692546aef61cb696a165,Eukaryota;Chordata;Actinopteri;Carangiformes;Coryphaenidae;Coryphaena;Coryphaena hippurus,0.99999439
462247835b4de6c89ed655a4af4a90aa,Eukaryota;Chordata;Actinopteri;Carangiformes;Coryphaenidae;Coryphaena;Coryphaena hippurus,0.999939742
010138b3eeb0f22de7ca1442c0f8fa09,Eukaryota;Chordata;Actinopteri;Carangiformes;Coryphaenidae;Coryphaena;Coryphaena hippurus,0.999995919
81a27445c0af0fe7feb327c150d3d04d,Eukaryota;Chordata;Actinopteri;Carangiformes;Coryphaenidae;Coryphaena;Coryphaena hippurus,0.999994897
ee1cf751e29fe16579f6152e9d48bd34,Eukaryota;Chordata;Actinopteri;Carangiformes;Coryphaenidae;Coryphaena;Coryphaena hippurus,0.999994387
28dd95e072f6ae39a8a611d996895522,Eukaryota;Chordata;Actinopteri;Carangiformes;Coryphaenidae;Coryphaena;Coryphaena hippurus,0.999983214
d9b2d32ef56e4e33f35c4d412310e663,Eukaryota;Chordata;Actinopteri;Carangiformes;Coryphaenidae;Coryphaena;Coryphaena hippurus,0.999975223
a9e9b3a89bf802cd5463d1c125089986,Eukaryota;Chordata;Actinopteri;Carangiformes;Coryphaenidae;Coryphaena;Coryphaena hippurus,0.999961138
7b30450dea60ea61cf27097654302906,Eukaryota;Chordata;Actinopteri;Carangiformes;Coryphaenidae;Coryphaena;Coryphaena hippurus,0.999975212
9ef83cbfba4985bf520728b24bb0eae6,Eukaryota;Chordata;Actinopteri;Carangiformes;Coryphaenidae;Coryphaena;Coryphaena hippurus,0.999994593
a768673d993ee79d5c8e5d79f3974e6f,Eukaryota;Chordata;Actinopteri;Carangiformes;Coryphaenidae;Coryphaena;Coryphaena hippurus,0.999994764
0efd1c8988b7ca4554d0ba9525076666,Eukaryota;Chordata;Actinopteri;Carangiformes;Coryphaenidae;Coryphaena;Coryphaena hippurus,0.99998756
2d374ca2eec99daaf25bf2ac94214f89,Eukaryota;Chordata;Actinopteri;Carangiformes;Coryphaenidae;Coryphaena;Coryphaena hippurus,0.99999478
3d75ebf0e2e79cc591fe13514105bf02,Eukaryota;Chordata;Actinopteri;Carangiformes;Coryphaenidae;Coryphaena;Coryphaena hippurus,0.999976752
7b61e808e79e3e9e7e5b3bac98d8a9ed,Eukaryota;Chordata;Actinopteri;Carangiformes;Coryphaenidae;Coryphaena;Coryphaena hippurus,0.999946018
29e370b267f9b11514e96afc0e94e843,Eukaryota;Chordata;Actinopteri;Carangiformes;Coryphaenidae;Coryphaena;Coryphaena hippurus,0.999975473
cea7b9fafbd091a2c833de3ed94801c2,Eukaryota;Chordata;Actinopteri;Carangiformes;Coryphaenidae;Coryphaena;Coryphaena hippurus,0.999975473
25ef8704c47d28497cc22a4c4345b1f6,Eukaryota;Chordata;Actinopteri;Carangiformes;Coryphaenidae;Coryphaena;Coryphaena hippurus,0.999826544
585b54b6d81415a2cae9a83d777d71c6,Eukaryota;Chordata;Actinopteri;Carangiformes;Coryphaenidae;Coryphaena;Coryphaena hippurus,0.999995148
faac56e6719e3755b957753f9eb8107e,Eukaryota;Chordata;Actinopteri;Carangiformes;Coryphaenidae;Coryphaena;Coryphaena hippurus,0.99999478
239145ee90c698424f3df7840ac849b0,Eukaryota;Chordata;Actinopteri;Carangiformes;Coryphaenidae;Coryphaena;Coryphaena hippurus,0.99999478
25db731e7c8e790922d95ef9e947d58d,Eukaryota;Chordata;Actinopteri;Carangiformes;Coryphaenidae;Coryphaena;Coryphaena hippurus,0.99999478
5d256dcd7759bd855fee81eb8fd1063c,Eukaryota;Chordata;Actinopteri;Carangiformes;Coryphaenidae;Coryphaena;Coryphaena hippurus,0.99999478
d8cdd1224b68ea4e9f1821ceb882afed,Eukaryota;Chordata;Actinopteri;Carangiformes;Coryphaenidae;Coryphaena;Coryphaena hippurus,0.99999478
910872d24fc306451f1622b0b3492069,Eukaryota;Chordata;Actinopteri;Carangiformes;Coryphaenidae;Coryphaena;Coryphaena hippurus,0.999993977
057a58e642c93083e634d956134e7b59,Eukaryota;Chordata;Actinopteri;Carangiformes;Coryphaenidae;Coryphaena;Coryphaena hippurus,0.99999619
5137e5e4169fd662c57a544c1a4188a9,Eukaryota;Chordata;Actinopteri;Carangiformes;Coryphaenidae;Coryphaena;Coryphaena hippurus,0.99999478
ea0438f1567fbb9ff9d9784b84b9bd25,Eukaryota;Chordata;Actinopteri;Carangiformes;Coryphaenidae;Coryphaena;Coryphaena hippurus,0.99999478
dfd2cce84832508947ea881f8823e505,Eukaryota;Chordata;Actinopteri;Carangiformes;Coryphaenidae;Coryphaena;Coryphaena hippurus,0.999943537
7f9d41c867f19cf1bc6264e8d5653a79,Eukaryota;Chordata;Actinopteri;Carangiformes;Coryphaenidae;Coryphaena;Coryphaena hippurus,0.999983475
1c6edd01a781ef8a0d104231ac62ae02,Eukaryota;Chordata;Actinopteri;Carangiformes;Coryphaenidae;Coryphaena;Coryphaena hippurus,0.99999478
9c5f32c2a7c2e2b4268989c5e160ac6a,Eukaryota;Chordata;Actinopteri;Carangiformes;Coryphaenidae;Coryphaena;Coryphaena hippurus,0.99999232
67a11c243584607dc6001157d2619b29,Eukaryota;Chordata;Actinopteri;Carangiformes;Coryphaenidae;Coryphaena;Coryphaena hippurus,0.999980893
f63364e9729d4fc1901e1f8f661469b2,Eukaryota;Chordata;Actinopteri;Carangiformes;Coryphaenidae;Coryphaena;Coryphaena hippurus,0.999989413
77dde836e841cc4f65b668e9004701c9,Eukaryota;Chordata;Actinopteri;Carangiformes;Coryphaenidae;Coryphaena;Coryphaena hippurus,0.999992296
291420b90e81a7b6058212ba34211e2f,Eukaryota;Chordata;Actinopteri;Carangiformes;Coryphaenidae;Coryphaena;Coryphaena hippurus,0.999916216
6a9d526661406a988fe80ab4c0c23979,Eukaryota;Chordata;Actinopteri;Carangiformes;Coryphaenidae;Coryphaena;Coryphaena hippurus,0.999980953
b85d5b2a9d88d5889165540ddae71a9e,Eukaryota;Chordata;Actinopteri;Carangiformes;Coryphaenidae;Coryphaena;Coryphaena hippurus,0.999983214
a9418ad23ec9ed9d056454f2382367c6,Eukaryota;Chordata;Actinopteri;Carangiformes;Coryphaenidae;Coryphaena;Coryphaena hippurus,0.99999478
62feb1a30c0158392f58854cd50f8665,Eukaryota;Chordata;Actinopteri;Labriformes;Labridae;Thalassoma,0.994708781
d773a9ac9d7188e64a50f105763f33fb,Eukaryota;Chordata;Actinopteri;Labriformes;Labridae;Thalassoma;Thalassoma lucasanum,0.892872739
1ba0242b52f7e4300b5012865a272d46,Eukaryota;Chordata;Actinopteri;Labriformes;Labridae;Thalassoma;Thalassoma lucasanum,0.738326173
2ab00842d083b4a9a2f876c7552ec95c,Eukaryota;Chordata;Actinopteri;Beloniformes;Belonidae;Platybelone;Platybelone argala,0.999999967
aed8d69d8793ccc35ad9a9a9f394e6bb,Eukaryota;Chordata;Actinopteri;Beloniformes;Belonidae;Belone;Belone belone,0.946479123
ac2b8df5ebde545617f0777a61549c8b,Eukaryota;Chordata;Actinopteri;Beloniformes;Belonidae;Belone;Belone belone,0.711272873
9c2ff2af50d694081974f03d4a5e38bf,Eukaryota;Chordata;Actinopteri;Beloniformes;Belonidae;Belone;Belone belone,0.783707412
c1cddf6e5123bacb3651422775f4973d,Eukaryota;Chordata;Actinopteri;Beloniformes;Belonidae,0.995868228
6b745895431dbd8d998f748ef58a3399,Eukaryota;Chordata;Actinopteri;Carangiformes;Coryphaenidae;Coryphaena;Coryphaena hippurus,0.999992576
934a35f933b0ba72b6d1ef781669adca,Eukaryota,0.999999941
8d6b85ca461cd72aa26383a35f5b7920,Eukaryota;Echinodermata;Asteroidea;Valvatida;Oreasteridae;Pentaceraster;Pentaceraster mammillatus,0.790116627
0a6379a65e2615c00ddce0b8b5144288,Eukaryota;Echinodermata;Asteroidea;Valvatida;Oreasteridae;Pentaceraster;Pentaceraster mammillatus,0.788157922
a170c2ae3eb9d757298d8e6ed8bf2336,Eukaryota;Echinodermata;Asteroidea;Valvatida;Oreasteridae;Pentaceraster;Pentaceraster mammillatus,0.787850526
6184ee411d6d891ccbf4bf4163abd58b,Eukaryota;Echinodermata;Asteroidea;Valvatida;Oreasteridae;Pentaceraster;Pentaceraster mammillatus,0.785047362
a96fea343d6b4fe9cd5d141394799751,Eukaryota;Echinodermata;Asteroidea;Valvatida;Oreasteridae;Pentaceraster;Pentaceraster mammillatus,0.786185884
a63ba4f7d36aa873563ed10db8343101,Eukaryota;Echinodermata;Asteroidea;Valvatida;Oreasteridae;Pentaceraster;Pentaceraster mammillatus,0.788157922
cbe91986a02185984d2cda16e5f536ca,Eukaryota;Echinodermata;Asteroidea;Valvatida;Oreasteridae;Pentaceraster;Pentaceraster mammillatus,0.790116627
f8aa43d60caa5462f399a359d472dfcf,Eukaryota;Chordata;Actinopteri;Labriformes;Labridae;Scarus;Scarus guacamaia,0.727340659
eb13eaad49052ee1431cd853a170a4d0,Eukaryota;Chordata;Actinopteri;Labriformes;Labridae;Scarus;Scarus ghobban,0.949545888
e8e211b3c76a7ae828cf64e17da0d9c8,Eukaryota;Chordata;Actinopteri;Labriformes;Labridae;Scarus;Scarus ghobban,0.943321741
e16c9d16437c3e210a3d00a9a99bbad4,Eukaryota;Chordata;Actinopteri;NA;Pomacentridae;Abudefduf,0.999986651
199f13aa8ab1ff4e60558b700dac4b54,Eukaryota;Chordata;Actinopteri;Labriformes;Labridae;Scarus,0.999259444
8c332481b4c4687b2b18b0da2f1a239a,Eukaryota;Chordata;Actinopteri;Labriformes;Labridae;Scarus,0.996725845
925d1a9a32c52cfc7195c3fb34fe6768,Eukaryota;Chordata;Actinopteri;Labriformes;Labridae;Scarus,0.999460203
7d8888f7ac0a600878d24840e5e3610c,Eukaryota;Chordata;Actinopteri;Labriformes;Labridae;Scarus;Scarus niger,0.72074348
2cb344148a2313bbb72ab49a236e31a0,Eukaryota;Chordata;Actinopteri;Clupeiformes;Clupeidae;Harengula;Harengula thrissina,0.999999999
7cc5a8499232ea34819899ff7c164459,Eukaryota;Chordata;Actinopteri;Clupeiformes;Clupeidae;Harengula;Harengula thrissina,0.999999993
92490138a0f75fda58c2ec938020c98e,Eukaryota;Chordata;Actinopteri;Clupeiformes;Clupeidae;Harengula;Harengula thrissina,0.999999999
7f028ea7afd4676f55717fc25a84c888,Eukaryota;Chordata;Actinopteri;Perciformes;Serranidae;Pronotogrammus;Pronotogrammus multifasciatus,1
0bc4fa92e1dccd48c876044e7f872368,Eukaryota;Chordata;Actinopteri,0.999897128
6a679c3b01524cdd8c54a254fa664ce1,Eukaryota;Chordata;Actinopteri;Labriformes;Labridae;Halichoeres;Halichoeres dispilus,0.999998844
7e8679b42268cdc6d5675f933c733f3d,Eukaryota;Chordata;Actinopteri;Labriformes;Labridae;Halichoeres;Halichoeres dispilus,0.99999975
27f43e2a6f58eaac008c1fbdd2a70238,Eukaryota;Chordata;Actinopteri;Labriformes;Labridae;Halichoeres,0.999997337
f2a7a514f79b2d34346e952b883fa2db,Eukaryota;Chordata;Actinopteri;Labriformes;Labridae;Bodianus;Bodianus diplotaenia,0.999970403
2bed369070e2c11d52daefbaa4a878dd,Eukaryota;Chordata;Actinopteri;Labriformes;Labridae;Bodianus;Bodianus diplotaenia,0.999970259
3be93c6de36df1a2004ba598661e6e2e,Eukaryota;Chordata;Actinopteri;Lutjaniformes;Lutjanidae;Lutjanus;Lutjanus argentiventris,0.993563846
21537ae453b861d814b62f525465da99,Eukaryota;Chordata;Actinopteri;Perciformes;Serranidae;Paralabrax;Paralabrax auroguttatus,0.981667582
42ca42ba94fac86e74bc99fe5f1c2f99,Eukaryota;Chordata;Actinopteri;Acanthuriformes;Acanthuridae;Prionurus,0.999988255
6f68adc1296995b6cda5156dfbb3b149,Eukaryota;Chordata;Actinopteri;Acanthuriformes;Acanthuridae;Prionurus,0.999961492
8f585ca6ec736c2b91992ff730789708,Eukaryota;Chordata;Actinopteri;Acanthuriformes;Acanthuridae;Prionurus,0.999971879
8df9c252c6745183d5ab40033f8a1c62,Eukaryota;Chordata;Actinopteri;Tetraodontiformes;Diodontidae;Diodon;Diodon hystrix,0.983335514
3cd4557eed29f83930b9f257f9dc919d,Eukaryota;Chordata;Actinopteri;Clupeiformes;Engraulidae;Engraulis;Engraulis mordax,0.999999233
126e9e554a104911ba495ca56100c229,Eukaryota;Chordata;Actinopteri;Kurtiformes;Apogonidae;Apogon;Apogon imberbis,0.825517518
8007c53872461f791b4135570f142697,Eukaryota;Chordata;Actinopteri;Blenniiformes;Blenniidae;Entomacrodus;Entomacrodus caudofasciatus,0.987414056
ec78102b87961303014baa2d1c4a255e,Eukaryota;Chordata;Actinopteri;Blenniiformes;Blenniidae;Cirripectes,0.955206258
dafacc732416bb3727b2db530b80c7d7,Eukaryota;Chordata;Actinopteri;Blenniiformes;Blenniidae;Hypsoblennius;Hypsoblennius jenkinsi,0.981203269
76850c3ace4c83be7bd576068f76e4e1,Eukaryota;Chordata;Actinopteri;Lutjaniformes;Haemulidae;Haemulon;Haemulon flaviguttatum,0.999646284
bb71f58cb52331e6169d07b866b4d100,Eukaryota;Chordata;Actinopteri;Lutjaniformes;Haemulidae;Haemulon;Haemulon flaviguttatum,0.998702092
29729f19b4cabd448bdb955f5e94ded0,Eukaryota;Chordata;Actinopteri;Lutjaniformes;Haemulidae;Haemulon;Haemulon flaviguttatum,0.99974539
7a1d57606c748012e127d48e455ea4ca,Eukaryota;Chordata;Actinopteri;Lutjaniformes;Haemulidae;Haemulon;Haemulon flaviguttatum,0.999747591
ab6493045125754a7e119d4b6eb299d0,Eukaryota;Chordata;Actinopteri;Lutjaniformes;Haemulidae;Brachygenys;Brachygenys californiensis,0.999806701
5fefe3471a64a424879c173202a0346f,Eukaryota;Chordata;Actinopteri;Lutjaniformes;Haemulidae;Microlepidotus;Microlepidotus inornatus,0.99978041
ebc69582845eb47d5942a8901ee63446,Eukaryota;Chordata;Actinopteri;Lutjaniformes;Haemulidae;Haemulon;Haemulon flaviguttatum,0.999736541
8fa0034fce6cb78c043aa8a2151a71ce,Eukaryota;Chordata;Actinopteri;Lutjaniformes;Haemulidae;Haemulon;Haemulon flaviguttatum,0.999537144
b4c0bb0ea21f1d55a983615f7c8753df,Eukaryota;Chordata;Actinopteri;Gobiiformes;Gobiidae;Bollmannia;Bollmannia boqueronensis,0.97310503
11e3ab67bcfebcd7ca67cf3f35f81742,Eukaryota;Chordata;Actinopteri;Scombriformes;Scombridae;Euthynnus,0.942719676
573ddff45ba6d8fff0943de89de81bf6,Eukaryota;Chordata;Actinopteri;Scombriformes;Scombridae;Euthynnus,0.942498269
31cef8859db5f0c4bcc8e8b24bd22c40,Eukaryota;Chordata;Actinopteri;Scombriformes;Scombridae;Euthynnus,0.948262531
15ecd24a90245d8e3be7533e8430ae1a,Eukaryota;Chordata;Actinopteri;Scombriformes;Scombridae;Thunnus,0.997539183
173d9f04b57188052143b115ed904ceb,Eukaryota;Chordata;Actinopteri;NA;Pomacentridae;Stegastes;Stegastes rectifraenum,0.999998029
d8eca98c357b52a57c2156441b69795f,Eukaryota;Chordata;Actinopteri;NA;Pomacentridae;Stegastes;Stegastes rectifraenum,0.999998497
a959e523c6fbcb1ec50620a3868ed7b7,Eukaryota;Chordata;Actinopteri;NA;Pomacentridae;Stegastes;Stegastes rectifraenum,0.9999957
897858ac81c537d37269cec954abf32b,Eukaryota;Chordata;Actinopteri;Scombriformes;Scombridae;Katsuwonus;Katsuwonus pelamis,0.839593708
48f3ca009b7a33a5654d70a2ac4ad2e7,Eukaryota;Chordata;Actinopteri;Blenniiformes;Labrisomidae;Labrisomus;Labrisomus xanti,1
afa74008de01ad0bbdc41d71f04dab2d,Eukaryota;Chordata;Actinopteri;Clupeiformes;Clupeidae;Opisthonema;Opisthonema libertate,0.984248043
9320d62378ea2edd7334a8d5ff07c947,Eukaryota;Chordata;Actinopteri;Clupeiformes;Clupeidae;Opisthonema;Opisthonema libertate,0.999902962
eb33a1cb035a743bd96d7df6fbe3702d,Eukaryota;Chordata;Actinopteri;Clupeiformes;Clupeidae;Opisthonema;Opisthonema libertate,0.999763733
bd4c8b2fa712c55650aa19d175daa5a9,Eukaryota;Chordata;Actinopteri;Centrarchiformes;Girellidae;Girella;Girella simplicidens,0.723927383
471298b18845cb337b5b5d0da6fc62e5,Eukaryota;Chordata;Actinopteri;Blenniiformes;Tripterygiidae;Enneapterygius,0.709930911
1c52f445da9909681f25d1ae882994e9,Eukaryota;Chordata;Actinopteri;Centrarchiformes;Kyphosidae;Kyphosus;Kyphosus analogus,0.742327275
b2eaa339fa1b1c9cb175662edac56785,Eukaryota;Chordata;Actinopteri;Centrarchiformes;Kyphosidae;Kyphosus,0.999998971
9956ecfb1c49806c0bd52306c9d8e882,Eukaryota;Chordata;Actinopteri;Centrarchiformes;Kyphosidae;Kyphosus;Kyphosus ocyurus,0.979045579
793e9ae8a360fecec639ac9718e1ee78,Eukaryota;Chordata;Actinopteri;Centrarchiformes;Kyphosidae;Kyphosus;Kyphosus azureus,0.999991843
71ef7f6812e67523b177385646902250,Eukaryota;Chordata;Actinopteri;Centrarchiformes;Kyphosidae;Kyphosus;Kyphosus azureus,0.999988445
5e0fca69d163018c7bcd5f95d7d0e42a,Eukaryota;Chordata;Actinopteri;Centrarchiformes;Kyphosidae;Kyphosus;Kyphosus azureus,0.999990745
c010d0251a4dc4326cd32b0559ee59b1,Eukaryota;Chordata;Actinopteri,0.999999565
d845833b58b8bee55aa7d68805f76ea9,Eukaryota;Chordata;Actinopteri;Tetraodontiformes;Balistidae;Balistes;Balistes polylepis,0.992977297
01153407181c1fc5827cd67daa17b1ee,Eukaryota;Chordata;Actinopteri;Tetraodontiformes;Balistidae;Balistes;Balistes polylepis,0.987200555
7089ec5f71ac3df0e4bdb7702135150c,Eukaryota;Chordata;Actinopteri;Tetraodontiformes;Balistidae;Balistes;Balistes polylepis,0.992483252
6ca3d4b4952d953e7856c236b31c058b,Eukaryota;Chordata;Actinopteri;Tetraodontiformes;Balistidae;Balistes;Balistes polylepis,0.991786927
423579d080b7d43f479b32ae70e12873,Eukaryota;Chordata;Actinopteri;Tetraodontiformes;Balistidae;Balistes;Balistes polylepis,0.989196173
0c960e006f2f36b557087f8622a4ef55,Eukaryota;Chordata;Actinopteri;Tetraodontiformes;Balistidae;Balistes;Balistes polylepis,0.991472561
97c908dbcdd30298df7b1b174d312c3d,Eukaryota;Chordata;Actinopteri;Atheriniformes;Atherinopsidae;Atherinops;Atherinops affinis,0.999653704
c54ebf5c5771ac873c426e88708393a0,Eukaryota;Chordata;Actinopteri;Atheriniformes;Atherinopsidae;Atherinops;Atherinops affinis,0.999576151
f35139cf6a064171c021e6253780a1e0,Eukaryota;Chordata;Actinopteri;Atheriniformes;Atherinopsidae;Atherinops;Atherinops affinis,0.995509244
ab81ee7ca87e898689c8093b31f5ee04,Eukaryota;Chordata;Actinopteri;Atheriniformes;Atherinopsidae;Atherinops;Atherinops affinis,0.995929113
9fb199bcb5e40ade9e3328fcd2d58648,Eukaryota;Chordata;Actinopteri;Atheriniformes;Atherinopsidae;Atherinops;Atherinops affinis,0.999670301
ee873491790e621672a04cac2df9f3fe,Eukaryota;Chordata;Actinopteri;Atheriniformes;Atherinopsidae;Atherinops;Atherinops affinis,0.999654641
b3c56c5e6445322b4d031f1711318b5a,Eukaryota;Chordata;Actinopteri;Syngnathiformes;Mullidae;Mulloidichthys;NA,0.708164394
094acfa754208376220cded0faabfa1c,Eukaryota;Chordata;Actinopteri;Syngnathiformes;Mullidae;Mulloidichthys;NA,0.709356682
6e86159b3cfaf32707e0dc9cbc3126b1,Eukaryota;Chordata;Actinopteri;NA;Sciaenidae;Equetus;Equetus lanceolatus,0.996906657
54f824a93b218bd55a43f2897f7534de,Eukaryota;Chordata;Actinopteri;NA;Pomacanthidae;Holacanthus;NA,0.988517276
aefd5b045ad35bc2493b1e6aee50ba5e,Eukaryota;Chordata;Actinopteri;Tetraodontiformes;Diodontidae;Diodon;Diodon holocanthus,0.955816368
f1d79aae806489588c6f362e59f3202f,Eukaryota;Chordata;Actinopteri;Lutjaniformes;Haemulidae;Anisotremus;Anisotremus davidsonii,0.926987455
787cd96625972cf98951d71f1a8aad7f,Eukaryota;Chordata;Actinopteri;Gobiiformes;Gobiidae;Lythrypnus;Lythrypnus dalli,1
c1a4694a2f4e9e46efbd474d85e2b7a1,Eukaryota;Chordata;Actinopteri;Blenniiformes;Labrisomidae;Malacoctenus;Malacoctenus triangulatus,0.995745397
d01f9ae41a328c4b4e026105686ebb6c,Eukaryota;Chordata;Actinopteri;Beloniformes;Hemiramphidae;Hemiramphus;NA,0.947631822
a7716faeb2f789a7d7a522dbb8f35f63,Eukaryota;Chordata;Actinopteri;Beloniformes;Hemiramphidae;Hemiramphus;NA,0.97630413
aefaccfbc6092e20f8186cb27bc74374,Eukaryota;Chordata;Actinopteri;Beloniformes;Hemiramphidae;Hyporhamphus;Hyporhamphus naos,1
40016257bacd07eba87aba57be91eb8b,Eukaryota;Chordata;Actinopteri;Anguilliformes;Congridae;Heteroconger;Heteroconger sp. KAUM:I:95673,0.8068376
0c006f5b6b84275b8d5f7fdb71a0ddb4,Eukaryota;Chordata;Actinopteri,0.990823868
4c2a04d0e9aae9681c38e6808b7a1708,Eukaryota;Chordata;Actinopteri,0.999995568
81c4733fa257b446756a756a0eae607f,Eukaryota;Chordata;Actinopteri,0.999963574
afc15d63ee301db5444807e82a61a67d,Eukaryota;Chordata;Actinopteri,0.999933631
a2b2edd1e3b026bcca7ef7e5d4cc43e1,Eukaryota;Chordata;Actinopteri;NA;Pomacentridae;Abudefduf,0.999999823
8247b0b9d4169a9d277c789cd04bed77,Eukaryota;Chordata;Actinopteri;NA;Pomacentridae;Abudefduf,0.999999818
616ba8952743c7887b98eafab730ff80,Eukaryota;Chordata;Actinopteri;Carangiformes;Carangidae;Decapterus;Decapterus macarellus,0.750557315
9d0f1c41a1c08395be895e8b4534285e,Eukaryota;Chordata;Actinopteri;Carangiformes;Carangidae;Decapterus;Decapterus macrosoma,0.773179323
17f93d1ff27b066258add2f16f2ca7a2,Eukaryota;Chordata;Actinopteri;NA;Pomacentridae;Abudefduf,0.999999956
86ce9563c54fefb7d28baac027f4cbbf,Eukaryota;Chordata;Actinopteri;NA;Pomacentridae;Abudefduf,0.999999643
5c08b0abcef99f1a9b9c263b31662120,Eukaryota;Chordata;Actinopteri;NA;Pomacentridae;Abudefduf,0.999466694
596ad45870f1779e53f36fd1f7cabd82,Eukaryota;Chordata;Actinopteri;NA;Pomacentridae;Abudefduf,0.999844771
e5e7bf0275fd44910321eaf804315bc5,Eukaryota;Chordata;Actinopteri;NA;Pomacentridae;Abudefduf,0.999999648
addd57bd3b3937b61b32dece26f8f166,Eukaryota;Chordata;Actinopteri;NA;Pomacentridae;Abudefduf;Abudefduf vaigiensis,0.834631746
5e922e91842c4a7375cd516e6273040a,Eukaryota;Chordata;Actinopteri;NA;Pomacentridae;Abudefduf,0.999999976
f5fbc9e3e209697dff60c78c8e29e10c,Eukaryota;Chordata;Actinopteri;NA;Pomacentridae;Abudefduf,0.999999906
2d119a6c12e36e4665684b9e92b6b4bc,Eukaryota;Chordata;Actinopteri;NA;Pomacentridae;Abudefduf,0.999999957
88479b4ed4f65bbc2061a1a7d5faae7a,Eukaryota;Chordata;Actinopteri;NA;Pomacentridae;Chromis;Chromis atrilobata,0.999972411
ed38117aa4ef43b2b5b54c26cc755de4,Eukaryota;Chordata;Actinopteri;NA;Pomacentridae;Chromis;Chromis atrilobata,0.999881474
dd8b1d88b8bed8849f8a4107c2e59478,Eukaryota;Chordata;Actinopteri;NA;Pomacentridae;Chromis;Chromis atrilobata,0.999990951
07715557ea15c0920095bfade2f26214,Eukaryota;Chordata;Actinopteri;NA;Pomacentridae;Chromis;Chromis atrilobata,0.999425954
45ed40e78e5e88a8ce1b2d560c849bc8,Eukaryota;Chordata;Actinopteri;NA;Pomacentridae;Chromis;Chromis atrilobata,0.999989854
0c0478cde7b5ffec7e87a47971ba68c8,Eukaryota;Chordata;Actinopteri;NA;Pomacentridae;Chromis;Chromis atrilobata,0.999981999
6bb10555a90ddd47ba3016093e2d6f57,Eukaryota;Chordata;Actinopteri;NA;Pomacentridae;Microspathodon;Microspathodon dorsalis,0.997803258
b3826d40df52cd4299eaa0a5146c1682,Eukaryota;Chordata;Actinopteri;NA;Pomacentridae;Microspathodon,0.999999763
724ff0e097e049f181dc9ea7326b376b,Eukaryota;Chordata;Actinopteri;NA;Pomacentridae;Abudefduf,0.999999916
0dae598fe21f2dbdd6635d6f80c98177,Eukaryota;Chordata;Actinopteri;Carangiformes;Carangidae;Caranx;Caranx hippos,0.948866138
3c8c3f7858d93ec5dfe90f9a6c083188,Eukaryota;Chordata;Actinopteri;Carangiformes;Carangidae;Caranx;Caranx crysos,0.963361308
28b25ea3317eed2cc45281d566ade007,Eukaryota;Chordata;Actinopteri;NA;Pomacentridae;Chromis;Chromis alta,0.981219186
b0a7229ac116e055f5a3dbff1dd9eaa4,Eukaryota;Chordata;Actinopteri;Centrarchiformes;Centrarchidae;Lepomis;NA,0.989560257
cc5325f73db2b8ed8950bbb90897850c,Eukaryota;Chordata;Actinopteri;Carangiformes;Carangidae;Selar;Selar crumenophthalmus,0.999999961
5383ed5c22889998ffd8679cc2c37b5f,Eukaryota;Chordata;Actinopteri;NA;Pomacentridae;Abudefduf,0.99999996
721b1773eab53ac201e84b794ce0f0e8,Eukaryota;Chordata;Actinopteri;Holocentriformes;Holocentridae;Myripristis;Myripristis pralinia,0.857089797
b5629d636afed6096b352bc9edf059c3,Eukaryota;Chordata;Actinopteri;Holocentriformes;Holocentridae;Myripristis;Myripristis pralinia,0.900319328
a3f47fdd391b8bc31815b47d22a204db,Eukaryota;Chordata;Actinopteri;Tetraodontiformes;Tetraodontidae;Sphoeroides;Sphoeroides annulatus,0.999220594
ebdcdb3eaa9aace45f4a0d80253620a8,Eukaryota;Chordata;Actinopteri;Tetraodontiformes;Tetraodontidae;Sphoeroides;Sphoeroides lobatus,0.999781067
4bbfeb25cfec2fd6992a66dbcd991855,Eukaryota;Chordata;Chondrichthyes;Myliobatiformes;Urolophidae;Urobatis;Urobatis halleri,0.999999988
0747393d0c98c5bcf8ff1f9d1be7bba1,Eukaryota;Chordata;Actinopteri,0.997232351
64e3b94834cd5f85940cdd4fcedc287d,Eukaryota;Chordata;Actinopteri;NA;Pomacanthidae;Pomacanthus;Pomacanthus zonipectus,0.995334716
5f30489b14e4b064bff32434d1f781e2,Eukaryota;Chordata;Actinopteri;Spariformes;Sparidae;Calamus;Calamus brachysomus,0.999999998
31437c3738ee273b99cf624ddd49ea7e,Eukaryota;Chordata;Actinopteri;Perciformes;Serranidae;Hemanthias;Hemanthias signifer,1
0d10dea277569909092bc86f417c1d34,Eukaryota;Chordata;Actinopteri;Centrarchiformes;Cirrhitidae;Cirrhitichthys;Cirrhitichthys oxycephalus,0.999997807
16c0748a4a042ddd9dac453233c7facd,Eukaryota;Chordata;Actinopteri;Carangiformes;Coryphaenidae;Coryphaena;Coryphaena hippurus,0.999994407
9a5aabfdc3fb5c8ae5dfb0906e365445,Eukaryota;Chordata;Mammalia;Primates;Cercopithecidae;Macaca;Macaca mulatta,0.995733177
464f7dc0bbff491f3af6047498e1d64a,Eukaryota;Chordata;Mammalia;Primates;Cercopithecidae;Cercocebus;Cercocebus atys,0.962464167
29e80a36298e889f86a7a5b3f6408ee5,Eukaryota;Chordata;Mammalia;Primates;Cercopithecidae;Cercocebus;Cercocebus atys,0.964657956
3d7b85772d6a114a4dfda724be792794,Eukaryota;Chordata;Actinopteri,0.987012188
d04bec60ef8032ea2336bde53220e3c7,Eukaryota;Chordata;Actinopteri,0.724509542
927b14e95946fdc38124bd3ebd3e055a,Eukaryota;Chordata;Actinopteri,0.81646123
70ec035062d85235d1f3cb1a0354478f,Eukaryota;Chordata;Actinopteri,0.774309699
e191ea34e13f48f9ab00476dfa3d6da2,Eukaryota;Chordata;Actinopteri,0.796142191
fa61d1aafa3e224bfd886cf62666283a,Eukaryota;Chordata;Actinopteri,0.992783921
581b17076f61db648b4c38a38a075037,Eukaryota;Chordata;Actinopteri,0.995132507
cf805eb83b81a199c9fe6c9c900f960f,Eukaryota;Chordata;Actinopteri,0.997123041
60e71eff61c7f0398e69e4fd19e0cc2f,Eukaryota;Chordata;Actinopteri,0.993398153
2527e6955b7ce07ec5401df3751fa75f,Eukaryota;Chordata;Actinopteri,0.993603777
9dcfd7a82372e48dea5ea8074b1593ee,Eukaryota;Chordata;Actinopteri,0.994695806
e41daaf2838fa59e779b617b07a84841,Eukaryota;Chordata;Actinopteri,0.992494012
4bed3eca413a25290c71e0c056a35663,Eukaryota;Chordata;Actinopteri,0.994660342
2a40ad8dc2d208041185c62853997f7e,Eukaryota;Chordata;Actinopteri;Aulopiformes;Synodontidae;Synodus;Synodus lacertinus,1
19ce00bf482bd75b3f0a05fa38021936,Eukaryota;Chordata;Actinopteri;Aulopiformes;Synodontidae;Synodus;Synodus lacertinus,1
1109eaa4fcfa1fcef319d31d3a92e811,Eukaryota;Chordata;Actinopteri;NA;Sciaenidae;Umbrina;Umbrina roncador,0.999999985
58e715b40cc83a01f53203731d3ab80b,Eukaryota;Chordata;Actinopteri;Carangiformes;Carangidae;Seriola,0.999698958
803631790ef52392eeda2fc410fbd0bd,Eukaryota;Chordata;Actinopteri;Aulopiformes;Synodontidae;Synodus;Synodus lucioceps,1
ebc039b5b0c61711a212dcc489fe6a3b,Eukaryota;Chordata;Actinopteri;Centrarchiformes;Cirrhitidae;Cirrhitus;Cirrhitus pinnulatus,0.985891277
9f3d699845609baa433d98296877eaea,Eukaryota;Chordata;Actinopteri;Centrarchiformes;Cirrhitidae;Cirrhitus;Cirrhitus pinnulatus,0.95025727
709e0b2bffef3e90901d2844c2503397,Eukaryota;Chordata;Actinopteri,0.868166487
cbbcbde8474ee8233e5ffe79d61b7a37,Eukaryota;Chordata;Actinopteri,0.791172689
845677ac2f7d6c3cf2d84fc8139b8f3b,Eukaryota;Chordata;Mammalia;Carnivora;Felidae;Felis;Felis catus,0.999999918
d68f34d3bfc9fd93ec5ed747c509d9aa,Eukaryota;Chordata,0.857383734
9d99d6aaeb62206919bdc6aa7881a8c6,Eukaryota;Chordata;Actinopteri,0.990426043
2acb23c4e11020cfa45ce854d68cf0d8,Eukaryota;Chordata;Actinopteri,0.962943305
075cb9372d21c19cbc3f74784ec24e4f,Eukaryota;Chordata;Actinopteri,0.823695662
9d84377c68e6ff85add46945f4881f38,Eukaryota;Chordata;Actinopteri;Labriformes;Labridae;Bodianus;Bodianus diplotaenia,0.999948481
37654fd2cfe7f465e77d97021def5d8b,Eukaryota;Chordata;Actinopteri,0.999887673
927c9169f4ca30d4501aca0858916f67,Eukaryota;Chordata;Actinopteri,0.983430478
9bf1234ac6030fb5ac22e3dc73d952ab,Eukaryota;Chordata;Actinopteri,0.99550449
20e680c5c7fc1f9792b63b59cfdd5a58,Eukaryota;Chordata;Actinopteri,0.766899487
570d368f0d1b895a5dd739fc0939c5b2,Eukaryota;Chordata;Actinopteri,0.981802961
6e256709e0197e204887c87475320cc5,Eukaryota,0.999998018
3cc8067f44318ea49a0ab92b15b536fd,Eukaryota;Chordata;Actinopteri,0.873828196
0618c09a3786f7960b017e4e73257503,Eukaryota;Chordata;Actinopteri;Tetraodontiformes;Tetraodontidae;Canthigaster;Canthigaster janthinoptera,0.921778998
274442cddc7b38906a9e2b9241a860fc,Eukaryota;Chordata;Actinopteri;Perciformes;Serranidae,0.999998863
521b22f79feb9c78e063dfee76b928fc,Eukaryota;Chordata;Actinopteri;Perciformes;Serranidae;Paranthias;Cephalopholis colonus,0.99999981
33e2b86fa69b835f5f28f5774dab0c4f,Eukaryota;Chordata;Actinopteri;Perciformes;Serranidae;Paranthias;Cephalopholis colonus,0.999999503
8cf1b6d60cb0cb0a1b875b0eace8c0bd,Eukaryota;Chordata;Actinopteri;Perciformes;Serranidae;Paranthias;Cephalopholis colonus,0.999871983
de09a5d2448a438f53938a659bf6aba0,Eukaryota;Chordata;Actinopteri;Perciformes;Serranidae;Paranthias;Cephalopholis colonus,0.999999207
82100d304bc57f505034dc52b2e69ce6,Eukaryota;Chordata;Actinopteri;Perciformes;Serranidae;Cephalopholis,0.987407187
63e0673246e4df5c02c0019d740f589c,Eukaryota;Chordata;Actinopteri;Perciformes;Serranidae;Paranthias;Cephalopholis colonus,0.999999862
be275cf38dd323c8938dbea52de8eb11,Eukaryota;Chordata;Actinopteri;Perciformes,0.710948182
935ade76f5ba7317b9cc867fa4fc4102,Eukaryota;Chordata;Actinopteri,0.999870917
49c5a50f8f33cb5450c9e7cafec6c933,Eukaryota;Chordata;Actinopteri,0.768855318
c39cf41a2c40f927ccc48314c3cff391,Eukaryota;Chordata;Actinopteri,0.998142308
b655ad3ea56a3e4f3e84a48c4d16f2ab,Eukaryota;Chordata;Actinopteri,0.739866186
65ca9d212b316fdb01533a9f5dc83842,Eukaryota;Chordata;Actinopteri,0.860034402
da6e01f9c797cc8b37a65c3a0ad8232b,Eukaryota;Chordata,0.912164634