,sample,Seq_ID,set UD index,Index Name,i7 Bases in Adapter,i7 Bases for Sample Sheet,"i5 Bases for Sample Sheet NovaSeq, MiSeq, HiSeq 2000/2500","i5 Bases for Sample Sheet iSeq, MiniSeq, NextSeq, HiSeq 3000/4000"
Baja,143,BAJA_001,Set A,UDP0001,CGCTCAGTTC,GAACTGAGCG,TCGTGGAGCG,CGCTCCACGA
,133,BAJA_002,Set A,UDP0002,TATCTGACCT,AGGTCAGATA,CTACAAGATA,TATCTTGTAG
,73,BAJA_003,Set A,UDP0003,ATATGAGACG,CGTCTCATAT,TATAGTAGCT,AGCTACTATA
,93,BAJA_004,Set A,UDP0004,CTTATGGAAT,ATTCCATAAG,TGCCTGGTGG,CCACCAGGCA
,138,BAJA_005,Set A,UDP0005,TAATCTCGTC,GACGAGATTA,ACATTATCCT,AGGATAATGT
,121,BAJA_006,Set A,UDP0006,GCGCGATGTT,AACATCGCGC,GTCCACTTGT,ACAAGTGGAC
,188,BAJA_007,Set A,UDP0007,AGAGCACTAG,CTAGTGCTCT,TGGAACAGTA,TACTGTTCCA
,191,BAJA_008,Set A,UDP0008,TGCCTTGATC,GATCAAGGCA,CCTTGTTAAT,ATTAACAAGG
,145,BAJA_009,Set A,UDP0009,CTACTCAGTC,GACTGAGTAG,GTTGATAGTG,CACTATCAAC
,146,BAJA_010,Set A,UDP0010,TCGTCTGACT,AGTCAGACGA,ACCAGCGACA,TGTCGCTGGT
,35,BAJA_011,Set A,UDP0011,GAACATACGG,CCGTATGTTC,CATACACTGT,ACAGTGTATG
,45,BAJA_012,Set A,UDP0012,CCTATGACTC,GAGTCATAGG,GTGTGGCGCT,AGCGCCACAC
,91,BAJA_013,Set A,UDP0013,TAATGGCAAG,CTTGCCATTA,ATCACGAAGG,CCTTCGTGAT
,62,BAJA_014,Set A,UDP0014,GTGCCGCTTC,GAAGCGGCAC,CGGCTCTACT,AGTAGAGCCG
,90,BAJA_015,Set A,UDP0015,CGGCAATGGA,TCCATTGCCG,GAATGCACGA,TCGTGCATTC
,2,BAJA_016,Set A,UDP0016,GCCGTAACCG,CGGTTACGGC,AAGACTATAG,CTATAGTCTT
,39,BAJA_017,Set A,UDP0017,AACCATTCTC,GAGAATGGTT,TCGGCAGCAA,TTGCTGCCGA
,76,BAJA_018,Set A,UDP0018,GGTTGCCTCT,AGAGGCAACC,CTAATGATGG,CCATCATTAG
,193,BAJA_019,Set A,UDP0019,CTAATGATGG,CCATCATTAG,GGTTGCCTCT,AGAGGCAACC
,12,BAJA_020,Set A,UDP0020,TCGGCCTATC,GATAGGCCGA,CGCACATGGC,GCCATGTGCG
,71,BAJA_021,Set A,UDP0021,AGTCAACCAT,ATGGTTGACT,GGCCTGTCCT,AGGACAGGCC
,3,BAJA_022,Set A,UDP0022,GAGCGCAATA,TATTGCGCTC,CTGTGTTAGG,CCTAACACAG
,41,BAJA_023,Set A,UDP0023,AACAAGGCGT,ACGCCTTGTT,TAAGGAACGT,ACGTTCCTTA
,106,BAJA_024,Set A,UDP0024,GTATGTAGAA,TTCTACATAC,CTAACTGTAA,TTACAGTTAG
,147,BAJA_025,Set A,UDP0025,TTCTATGGTT,AACCATAGAA,GGCGAGATGG,CCATCTCGCC
,148,BAJA_026,Set A,UDP0026,CCTCGCAACC,GGTTGCGAGG,AATAGAGCAA,TTGCTCTATT
,150,BAJA_027,Set A,UDP0027,TGGATGCTTA,TAAGCATCCA,TCAATCCATT,AATGGATTGA
,181,BAJA_028,Set A,UDP0028,ATGTCGTGGT,ACCACGACAT,TCGTATGCGG,CCGCATACGA
,182,BAJA_029,Set A,UDP0029,AGAGTGCGGC,GCCGCACTCT,TCCGACCTCG,CGAGGTCGGA
,183,BAJA_030,Set A,UDP0030,TGCCTGGTGG,CCACCAGGCA,CTTATGGAAT,ATTCCATAAG
,185,BAJA_031,Set A,UDP0031,TGCGTGTCAC,GTGACACGCA,GCTTACGGAC,GTCCGTAAGC
,186,BAJA_032,Set A,UDP0032,CATACACTGT,ACAGTGTATG,GAACATACGG,CCGTATGTTC
,187,BAJA_033,Set A,UDP0033,CGTATAATCA,TGATTATACG,GTCGATTACA,TGTAATCGAC
,190,BAJA_034,Set A,UDP0034,TACGCGGCTG,CAGCCGCGTA,ACTAGCCGTG,CACGGCTAGT
,192,BAJA_035,Set A,UDP0035,GCGAGTTACC,GGTAACTCGC,AAGTTGGTGA,TCACCAACTT
,195,BAJA_036,Set A,UDP0036,TACGGCCGGT,ACCGGCCGTA,TGGCAATATT,AATATTGCCA
,196,BAJA_037,Set A,UDP0037,GTCGATTACA,TGTAATCGAC,GATCACCGCG,CGCGGTGATC
,197,BAJA_038,Set A,UDP0038,CTGTCTGCAC,GTGCAGACAG,TACCATCCGT,ACGGATGGTA
,198,BAJA_039,Set A,UDP0039,CAGCCGATTG,CAATCGGCTG,GCTGTAGGAA,TTCCTACAGC
,200,BAJA_040,Set A,UDP0040,TGACTACATA,TATGTAGTCA,CGCACTAATG,CATTAGTGCG
,201,BAJA_041,Set A,UDP0041,ATTGCCGAGT,ACTCGGCAAT,GACAACTGAA,TTCAGTTGTC
,202,BAJA_042,Set A,UDP0042,GCCATTAGAC,GTCTAATGGC,AGTGGTCAGG,CCTGACCACT
,203,BAJA_043,Set A,UDP0043,GGCGAGATGG,CCATCTCGCC,TTCTATGGTT,AACCATAGAA
,1,BAJA_044,Set A,UDP0044,TGGCTCGCAG,CTGCGAGCCA,AATCCGGCCA,TGGCCGGATT
,29,BAJA_045,Set A,UDP0045,TAGAATAACG,CGTTATTCTA,CCATAAGGTT,AACCTTATGG
,42,BAJA_046,Set A,UDP0046,TAATGGATCT,AGATCCATTA,ATCTCTACCA,TGGTAGAGAT
,61,BAJA_047,Set A,UDP0047,TATCCAGGAC,GTCCTGGATA,CGGTGGCGAA,TTCGCCACCG
,142,BAJA_048,Set A,UDP0048,AGTGCCACTG,CAGTGGCACT,TAACAATAGG,CCTATTGTTA
,4,BAJA_049,Set A,UDP0049,GTGCAACACT,AGTGTTGCAC,CTGGTACACG,CGTGTACCAG
,11,BAJA_050,Set A,UDP0050,ACATGGTGTC,GACACCATGT,TCAACGTGTA,TACACGTTGA
,13,BAJA_051,Set A,UDP0051,GACAGACAGG,CCTGTCTGTC,ACTGTTGTGA,TCACAACAGT
,14,BAJA_052,Set A,UDP0052,TCTTACATCA,TGATGTAAGA,GTGCGTCCTT,AAGGACGCAC
,16,BAJA_053,Set A,UDP0053,TTACAATTCC,GGAATTGTAA,AGCACATCCT,AGGATGTGCT
,17,BAJA_054,Set A,UDP0054,AAGCTTATGC,GCATAAGCTT,TTCCGTCGCA,TGCGACGGAA
,18,BAJA_055,Set A,UDP0055,TATTCCTCAG,CTGAGGAATA,CTTAACCACT,AGTGGTTAAG
,19,BAJA_056,Set A,UDP0056,CTCGTGCGTT,AACGCACGAG,GCCTCGGATA,TATCCGAGGC
,21,BAJA_057,Set A,UDP0057,TTAGGATAGA,TCTATCCTAA,CGTCGACTGG,CCAGTCGACG
,22,BAJA_058,Set A,UDP0058,CCGAAGCGAG,CTCGCTTCGG,TACTAGTCAA,TTGACTAGTA
,23,BAJA_059,Set A,UDP0059,GGACCAACAG,CTGTTGGTCC,ATAGACCGTT,AACGGTCTAT
,24,BAJA_060,Set A,UDP0060,TTCCAGGTAA,TTACCTGGAA,ACAGTTCCAG,CTGGAACTGT
,26,BAJA_061,Set A,UDP0061,TGATTAGCCA,TGGCTAATCA,AGGCATGTAG,CTACATGCCT
,27,BAJA_062,Set A,UDP0062,TAACAGTGTT,AACACTGTTA,GCAAGTCTCA,TGAGACTTGC
,28,BAJA_063,Set A,UDP0063,ACCGCGCAAT,ATTGCGCGGT,TTGGCTCCGC,GCGGAGCCAA
,30,BAJA_064,Set A,UDP0064,GTTCGCGCCA,TGGCGCGAAC,AACTGATACT,AGTATCAGTT
,31,BAJA_065,Set A,UDP0065,AGACACATTA,TAATGTGTCT,GTAAGGCATA,TATGCCTTAC
,32,BAJA_066,Set A,UDP0066,GCGTTGGTAT,ATACCAACGC,AATTGCTGCG,CGCAGCAATT
,34,BAJA_067,Set A,UDP0067,AGCACATCCT,AGGATGTGCT,TTACAATTCC,GGAATTGTAA
,36,BAJA_068,Set A,UDP0068,TTGTTCCGTG,CACGGAACAA,AACCTAGCAC,GTGCTAGGTT
,37,BAJA_069,Set A,UDP0069,AAGTACTCCA,TGGAGTACTT,TCTGTGTGGA,TCCACACAGA
,40,BAJA_070,Set A,UDP0070,ACGTCAATAC,GTATTGACGT,GGAATTCCAA,TTGGAATTCC
,44,BAJA_071,Set A,UDP0071,GGTGTACAAG,CTTGTACACC,AAGCGCGCTT,AAGCGCGCTT
,46,BAJA_072,Set A,UDP0072,CCACCTGTGT,ACACAGGTGG,TGAGCGTTGT,ACAACGCTCA
,47,BAJA_073,Set A,UDP0073,GTTCCGCAGG,CCTGCGGAAC,ATCATAGGCT,AGCCTATGAT
,48,BAJA_074,Set A,UDP0074,ACCTTATGAA,TTCATAAGGT,TGTTAGAAGG,CCTTCTAACA
,50,BAJA_075,Set A,UDP0075,CGCTGCAGAG,CTCTGCAGCG,GATGGATGTA,TACATCCATC
,51,BAJA_076,Set A,UDP0076,GTAGAGTCAG,CTGACTCTAC,ACGGCCGTCA,TGACGGCCGT
,52,BAJA_077,Set A,UDP0077,GGATACCAGA,TCTGGTATCC,CGTTGCTTAC,GTAAGCAACG
,53,BAJA_078,Set A,UDP0078,CGCACTAATG,CATTAGTGCG,TGACTACATA,TATGTAGTCA
,55,BAJA_079,Set A,UDP0079,TCCTGACCGT,ACGGTCAGGA,CGGCCTCGTT,AACGAGGCCG
,56,BAJA_080,Set A,UDP0080,CTGGCTTGCC,GGCAAGCCAG,CAAGCATCCG,CGGATGCTTG
,57,BAJA_081,Set A,UDP0081,ACCAGCGACA,TGTCGCTGGT,TCGTCTGACT,AGTCAGACGA
,58,BAJA_082,Set A,UDP0082,TTGTAACGGT,ACCGTTACAA,CTCATAGCGA,TCGCTATGAG
,60,BAJA_083,Set A,UDP0083,GTAAGGCATA,TATGCCTTAC,AGACACATTA,TAATGTGTCT
,63,BAJA_084,Set A,UDP0084,GTCCACTTGT,ACAAGTGGAC,GCGCGATGTT,AACATCGCGC
,65,BAJA_085,Set A,UDP0085,TTAGGTACCA,TGGTACCTAA,CATGAGTACT,AGTACTCATG
,66,BAJA_086,Set A,UDP0086,GGAATTCCAA,TTGGAATTCC,ACGTCAATAC,GTATTGACGT
,67,BAJA_087,Set A,UDP0087,CATGTAGAGG,CCTCTACATG,GATACCTCCT,AGGAGGTATC
,68,BAJA_088,Set A,UDP0088,TACACGCTCC,GGAGCGTGTA,ATCCGTAAGT,ACTTACGGAT
,70,BAJA_089,Set A,UDP0089,GCTTACGGAC,GTCCGTAAGC,CGTGTATCTT,AAGATACACG
,72,BAJA_090,Set A,UDP0090,CGCTTGAAGT,ACTTCAAGCG,GAACCATGAA,TTCATGGTTC
,75,BAJA_091,Set A,UDP0091,CGCCTTCTGA,TCAGAAGGCG,GGCCATCATA,TATGATGGCC
,77,BAJA_092,Set A,UDP0092,ATACCAACGC,GCGTTGGTAT,ACATACTTCC,GGAAGTATGT
,78,BAJA_093,Set A,UDP0093,CTGGATATGT,ACATATCCAG,TATGTGCAAT,ATTGCACATA
,80,BAJA_094,Set A,UDP0094,CAATCTATGA,TCATAGATTG,GATTAAGGTG,CACCTTAATC
,81,BAJA_095,Set A,UDP0095,GGTGGAATAC,GTATTCCACC,ATGTAGACAA,TTGTCTACAT
,82,BAJA_096,Set A,UDP0096,TGGACGGAGG,CCTCCGTCCA,CACATCGGTG,CACCGATGTG
,83,BAJA_097,Set B,UDP0097,CTGACCGGCA,TGCCGGTCAG,CCTGATACAA,TTGTATCAGG 
,85,BAJA_098,Set B,UDP0098,GAATTGAGTG,CACTCAATTC,TTAAGTTGTG,CACAACTTAA 
,86,BAJA_099,Set B,UDP0099,GCGTGTGAGA,TCTCACACGC,CGGACAGTGA,TCACTGTCCG 
,87,BAJA_100,Set B,UDP0100,TCTCCATTGA,TCAATGGAGA,GCACTACAAC,GTTGTAGTGC 
,88,BAJA_101,Set B,UDP0101,ACATGCATAT,ATATGCATGT,TGGTGCCTGG,CCAGGCACCA 
,92,BAJA_102,Set B,UDP0102,CAGGCGCCAT,ATGGCGCCTG,TCCACGGCCT,AGGCCGTGGA 
,95,BAJA_103,Set B,UDP0103,ACATAACGGA,TCCGTTATGT,TTGTAGTGTA,TACACTACAA 
,96,BAJA_104,Set B,UDP0104,TTAATAGACC,GGTCTATTAA,CCACGACACG,CGTGTCGTGG 
,97,BAJA_105,Set B,UDP0105,ACGATTGCTG,CAGCAATCGT,TGTGATGTAT,ATACATCACA 
,98,BAJA_106,Set B,UDP0106,TTCTACAGAA,TTCTGTAGAA,GAGCGCAATA,TATTGCGCTC 
,100,BAJA_107,Set B,UDP0107,TATTGCGTTC,GAACGCAATA,ATCTTACTGT,ACAGTAAGAT 
,101,BAJA_108,Set B,UDP0108,CATGAGTACT,AGTACTCATG,ATGTCGTGGT,ACCACGACAT 
,102,BAJA_109,Set B,UDP0109,TAATTCTACC,GGTAGAATTA,GTAGCCATCA,TGATGGCTAC 
,103,BAJA_110,Set B,UDP0110,ACGCTAATTA,TAATTAGCGT,TGGTTAAGAA,TTCTTAACCA 
,107,BAJA_111,Set B,UDP0111,CCTTGTTAAT,ATTAACAAGG,TGTTGTTCGT,ACGAACAACA 
,108,BAJA_112,Set B,UDP0112,GTAGCCATCA,TGATGGCTAC,CCAACAACAT,ATGTTGTTGG 
,110,BAJA_113,Set B,UDP0113,CTTGTAATTC,GAATTACAAG,ACCGGCTCAG,CTGAGCCGGT 
,111,BAJA_114,Set B,UDP0114,TCCAATTCTA,TAGAATTGGA,GTTAATCTGA,TCAGATTAAC 
,112,BAJA_115,Set B,UDP0115,AGAGCTGCCT,AGGCAGCTCT,CGGCTAACGT,ACGTTAGCCG 
,113,BAJA_116,Set B,UDP0116,CTTCGCCGAT,ATCGGCGAAG,TCCAAGAATT,AATTCTTGGA 
,115,BAJA_117,Set B,UDP0117,TCGGTCACGG,CCGTGACCGA,CCGAACGTTG,CAACGTTCGG 
,116,BAJA_118,Set B,UDP0118,GAACAAGTAT,ATACTTGTTC,TAACCGCCGA,TCGGCGGTTA 
,117,BAJA_119,Set B,UDP0119,AATTGGCGGA,TCCGCCAATT,CTCCGTGCTG,CAGCACGGAG 
,118,BAJA_120,Set B,UDP0120,GGCCTGTCCT,AGGACAGGCC,CATTCCAGCT,AGCTGGAATG 
,120,BAJA_121,Set B,UDP0121,TAGGTTCTCT,AGAGAACCTA,GGTTATGCTA,TAGCATAACC 
,122,BAJA_122,Set B,UDP0122,ACACAATATC,GATATTGTGT,ACCACACGGT,ACCGTGTGGT 
,123,BAJA_123,Set B,UDP0123,TTCCTGTACG,CGTACAGGAA,TAGGTTCTCT,AGAGAACCTA 
,125,BAJA_124,Set B,UDP0124,GGTAACGCAG,CTGCGTTACC,TATGGCTCGA,TCGAGCCATA 
,126,BAJA_125,Set B,UDP0125,TCCACGGCCT,AGGCCGTGGA,CTCGTGCGTT,AACGCACGAG 
,127,BAJA_126,Set B,UDP0126,GATACCTCCT,AGGAGGTATC,CCAGTTGGCA,TGCCAACTGG 
,128,BAJA_127,Set B,UDP0127,CAACGTCAGC,GCTGACGTTG,TGTTCGCATT,AATGCGAACA 
,130,BAJA_128,Set B,UDP0128,CGGTTATTAG,CTAATAACCG,AACCGCATCG,CGATGCGGTT 
,131,BAJA_129,Set B,UDP0129,CGCGCCTAGA,TCTAGGCGCG,CGAAGGTTAA,TTAACCTTCG 
,132,BAJA_130,Set B,UDP0130,TCTTGGCTAT,ATAGCCAAGA,AGTGCCACTG,CAGTGGCACT 
,135,BAJA_131,Set B,UDP0131,TCACACCGAA,TTCGGTGTGA,GAACAAGTAT,ATACTTGTTC 
,136,BAJA_132,Set B,UDP0132,AACGTTACAT,ATGTAACGTT,ACGATTGCTG,CAGCAATCGT 
,137,BAJA_133,Set B,UDP0133,CGGCCTCGTT,AACGAGGCCG,ATACCTGGAT,ATCCAGGTAT 
,140,BAJA_134,Set B,UDP0134,CATAACACCA,TGGTGTTATG,TCCAATTCTA,TAGAATTGGA 
,141,BAJA_135,Set B,UDP0135,ACAGAGGCCA,TGGCCTCTGT,TGAGACAGCG,CGCTGTCTCA 
,202 WHALE,BAJA_136,Set B,UDP0136,TGGTGCCTGG,CCAGGCACCA,ACGCTAATTA,TAATTAGCGT 
,2 WHALE,BAJA_137,Set B,UDP0137,TAGGAACCGG,CCGGTTCCTA,TATATTCGAG,CTCGAATATA 
,19 WHALE,BAJA_138,Set B,UDP0138,AATATTGGCC,GGCCAATATT,CGGTCCGATA,TATCGGACCG 
,32 WHALE,BAJA_139,Set B,UDP0139,ATAGGTATTC,GAATACCTAT,ACAATAGAGT,ACTCTATTGT 
,39 WHALE,BAJA_140,Set B,UDP0140,CCTTCACGTA,TACGTGAAGG,CGGTTATTAG,CTAATAACCG 
,44 WHALE,BAJA_141,Set B,UDP0141,GGCCAATAAG,CTTATTGGCC,GATAACAAGT,ACTTGTTATC 
,55 WHALE,BAJA_142,Set B,UDP0142,CAGTAGTTGT,ACAACTACTG,AGTTATCACA,TGTGATAACT 
,56 WHALE,BAJA_143,Set B,UDP0143,TTCATCCAAC,GTTGGATGAA,TTCCAGGTAA,TTACCTGGAA 
,61 WHALE,BAJA_144,Set B,UDP0144,CAATTGGATT,AATCCAATTG,CATGTAGAGG,CCTCTACATG 
,75 WHALE,BAJA_145,Set B,UDP0145,GGCCATCATA,TATGATGGCC,GATTGTCATA,TATGACAATC 
,87 WHALE,BAJA_146,Set B,UDP0146,AATTGCTGCG,CGCAGCAATT,ATTCCGCTAT,ATAGCGGAAT 
,93 WHALE,BAJA_147,Set B,UDP0147,TAAGGAACGT,ACGTTCCTTA,GACCGCTGTG,CACAGCGGTC 
,116 WHALE,BAJA_148,Set B,UDP0148,CTATACGCGG,CCGCGTATAG,TAGGAACCGG,CCGGTTCCTA 
,121 WHALE,BAJA_149,Set B,UDP0149,ATTCAGAATC,GATTCTGAAT,AGCGGTGGAC,GTCCACCGCT 
,127 WHALE,BAJA_150,Set B,UDP0150,GTATTCTCTA,TAGAGAATAC,TATAGATTCG,CGAATCTATA 
,191 WHALE,BAJA_151,Set B,UDP0151,CCTGATACAA,TTGTATCAGG,ACAGAGGCCA,TGGCCTCTGT 
,197 WHALE,BAJA_152,Set B,UDP0152,GACCGCTGTG,CACAGCGGTC,ATTCCTATTG,CAATAGGAAT 
NCOG GFF tests,P2E5,BAJA_153,Set B,UDP0153,TTCAGCGTGG,CCACGCTGAA,TATTCCTCAG,CTGAGGAATA 
mammals,P2F5,BAJA_154,Set B,UDP0154,AACTCCGAAC,GTTCGGAGTT,CGCCTTCTGA,TCAGAAGGCG 
,P2C6,BAJA_155,Set B,UDP0155,ATTCCGCTAT,ATAGCGGAAT,GCGCAGAGTA,TACTCTGCGC 
,P2D6,BAJA_156,Set B,UDP0156,TGAATATTGC,GCAATATTCA,GGCGCCAATT,AATTGGCGCC 
,P2F6,BAJA_157,Set B,UDP0157,CGCAATCTAG,CTAGATTGCG,AGATATGGCG,CGCCATATCT 
,P1C1,BAJA_158,Set B,UDP0158,AACCGCATCG,CGATGCGGTT,CCTGCTTGGT,ACCAAGCAGG 
,P1G3,BAJA_159,Set B,UDP0159,CTAGTCCGGA,TCCGGACTAG,GACGAACAAT,ATTGTTCGTC 
,P1B4,BAJA_160,Set B,UDP0160,GCTCCGTCAC,GTGACGGAGC,TGGCGGTCCA,TGGACCGCCA 
,P1C4,BAJA_161,Set B,UDP0161,AGATGGAATT,AATTCCATCT,CTTCAGTTAC,GTAACTGAAG 
,P1H6,BAJA_162,Set B,UDP0162,ACACCGTTAA,TTAACGGTGT,TCCTGACCGT,ACGGTCAGGA 
NCOG GFF tests,FP1C1,BAJA_163,Set B,UDP0163,GATAACAAGT,ACTTGTTATC,CGCGCCTAGA,TCTAGGCGCG 
fish,FP1F3,BAJA_164,Set B,UDP0164,CTGGTACACG,CGTGTACCAG,AGGATAAGTT,AACTTATCCT 
,FP2E5,BAJA_165,Set B,UDP0165,CGAAGGTTAA,TTAACCTTCG,AGGCCAGACA,TGTCTGGCCT 
,FP1F2,BAJA_166,Set B,UDP0166,ATCGCATATG,CATATGCGAT,CCTTGAACGG,CCGTTCAAGG 
,FP2G5,BAJA_167,Set B,UDP0167,ATCATAGGCT,AGCCTATGAT,CACCACCTAC,GTAGGTGGTG 
,FP1D8,BAJA_168,Set B,UDP0168,GATTGTCATA,TATGACAATC,TTGCTTGTAT,ATACAAGCAA 
Julie ,627,BAJA_169,Set B,UDP0169,CCAACAACAT,ATGTTGTTGG,CAATCTATGA,TCATAGATTG 
,628AM,BAJA_170,Set B,UDP0170,TTGGTGGTGC,GCACCACCAA,TGGTACTGAT,ATCAGTACCA 
,628PM,BAJA_171,Set B,UDP0171,GCGAACGCCT,AGGCGTTCGC,TTCATCCAAC,GTTGGATGAA 
,629,BAJA_172,Set B,UDP0172,CAACCGGAGG,CCTCCGGTTG,CATAACACCA,TGGTGTTATG 
,76,BAJA_173,Set B,UDP0173,AGCGGTGGAC,GTCCACCGCT,TCCTATTAGC,GCTAATAGGA 
,77,BAJA_174,Set B,UDP0174,GACGAACAAT,ATTGTTCGTC,TCTCTAGATT,AATCTAGAGA 
,Con,BAJA_175,Set B,UDP0175,CCACTGGTCC,GGACCAGTGG,CGCGAGCCTA,TAGGCTCGCG 
,2CP1,BAJA_176,Set B,UDP0176,TGTTAGAAGG,CCTTCTAACA,GATAAGCTCT,AGAGCTTATC 
,82,BAJA_177,Set B,UDP0177,TATATTCGAG,CTCGAATATA,GAGATGTCGA,TCGACATCTC 
,85,BAJA_178,Set B,UDP0178,CGCGACGATC,GATCGTCGCG,CTGGATATGT,ACATATCCAG 
,829,BAJA_179,Set B,UDP0179,GCCTCGGATA,TATCCGAGGC,GGCCAATAAG,CTTATTGGCC 
,628B,BAJA_180,Set B,UDP0180,TGAGACAGCG,CGCTGTCTCA,ATTACTCACC,GGTGAGTAAT 
,76,BAJA_181,Set B,UDP0181,TGTTCGCATT,AATGCGAACA,AATTGGCGGA,TCCGCCAATT 
,914,BAJA_182,Set B,UDP0182,TCCAAGAATT,AATTCTTGGA,TTGTCAACTT,AAGTTGACAA 
,923,BAJA_183,Set B,UDP0183,GCTGTAGGAA,TTCCTACAGC,GGCGAATTCT,AGAATTCGCC 
,2CP2,BAJA_184,Set B,UDP0184,ATACCTGGAT,ATCCAGGTAT,CAACGTCAGC,GCTGACGTTG 
,106,BAJA_185,Set B,UDP0185,GTTGGACCGT,ACGGTCCAAC,TCTTACATCA,TGATGTAAGA 
,1010,BAJA_186,Set B,UDP0186,ACCAAGTTAC,GTAACTTGGT,CGCCATACCT,AGGTATGGCG 
,1017,BAJA_187,Set B,UDP0187,GTGTGGCGCT,AGCGCCACAC,CTAATGTCTT,AAGACATTAG 
,1024,BAJA_188,Set B,UDP0188,GGCAGTAGCA,TGCTACTGCC,CAACCGGAGG,CCTCCGGTTG 
,2301025,BAJA_189,Set B,UDP0189,TGCGGTGTTG,CAACACCGCA,GGCAGTAGCA,TGCTACTGCC 
,2301041,BAJA_190,Set B,UDP0190,GATTAAGGTG,CACCTTAATC,TTAGGATAGA,TCTATCCTAA 
,2301007,BAJA_191,Set B,UDP0191,CAACATTCAA,TTGAATGTTG,CGCAATCTAG,CTAGATTGCG 
,MP020,BAJA_192,Set B,UDP0192,GTGTTACCGG,CCGGTAACAC,GAGTTGTACT,AGTACAACTC 
,IP815,BAJA_193,Set C,UDP0193,TATCATGAGA,TCTCATGATA,AACACGTGGA,TCCACGTGTT 
,IB 912,BAJA_194,Set C,UDP0194,CTTGGCCTCG,CGAGGCCAAG,GTGTTACCGG,CCGGTAACAC 
,IB 85,BAJA_195,Set C,UDP0195,GTCTCGTGAA,TTCACGAGAC,AGATTGTTAC,GTAACAATCT 
,IB 1025,BAJA_196,Set C,UDP0196,CCATCCACGC,GCGTGGATGG,TTGACCAATG,CATTGGTCAA 
,IP 629,BAJA_197,Set C,UDP0197,ACAACCAGGA,TCCTGGTTGT,CTGACCGGC,TGCCGGTCAG 
,IB 1010,BAJA_198,Set C,UDP0198,AGCAGAATTA,TAATTCTGCT,TCTCATCAAT,ATTGATGAGA 
,AS 926,BAJA_199,Set C,UDP0199,CAGTCGTGCG,CGCACGACTG,GGACCAACAG,CTGTTGGTCC 
,AS 96,BAJA_200,Set C,UDP0200,GTCTAACCTC,GAGGTTAGAC,AATGTATTGC,GCAATACATT 
,IB 812,BAJA_201,Set C,UDP0201,GAACTCGGTT,AACCGAGTTC,GATCTCTGGA,TCCAGAGATC 
,IB629,BAJA_202,Set C,UDP0202,AGTTATCACA,TGTGATAACT,CAGGCGCCAT,ATGGCGCCTG 
,IB 77,BAJA_203,Set C,UDP0203,GTAGCATACT,AGTATGCTAC,TTAATAGACC,GGTCTATTAA 
,IP 77,BAJA_204,Set C,UDP0204,CTTCAGTTAC,GTAACTGAAG,GGAGTCGCGA,TCGCGACTCC 
,IB 82,BAJA_205,Set C,UDP0205,AGTCCGAGGA,TCCTCGGACT,AACGCCAGAG,CTCTGGCGTT 
,IP 96,BAJA_206,Set C,UDP0206,ACAGTTCCAG,CTGGAACTGT,CGTAATTAAC,GTTAATTACG 
,BF 11 8,BAJA_207,Set C,UDP0207,CCGCATATTC,GAATATGCGG,ACGAGACTGA,TCAGTCTCGT 
,BF 12 10,BAJA_208,Set C,UDP0208,TTATCCGATC,GATCGGATAA,GTATCGGCCG,CGGCCGATAC 
,IP 82,BAJA_209,Set C,UDP0209,ATAGTCTAGC,GCTAGACTAT,AATACGACAT,ATGTCGTATT 
,chem bk,BAJA_210,Set C,UDP0210,TATAGTAGCT,AGCTACTATA,GTTATATGGC,GCCATATAAC 
,cartridge bk,BAJA_211,Set C,UDP0211,ACTCCGGTGG,CCACCGGAGT,GCCTGCCATG,CATGGCAGGC 
,2301 9053,BAJA_212,Set C,UDP0212,GTGCGGTAAG,CTTACCGCAC,TAAGACCTAT,ATAGGTCTTA 
,2301 83.3,BAJA_213,Set C,UDP0213,GATATCCTAA,TTAGGATATC,TATACCATGG,CCATGGTATA 
,2301 9340,BAJA_214,Set C,UDP0214,TCGCGTATAA,TTATACGCGA,GCCGTCTGTT,AACAGACGGC 
,F MP 9090,BAJA_215,Set C,UDP0215,ATTCTAAGCG,CGCTTAGAAT,CAGAGTGATA,TATCACTCTG 
,F S 9090,BAJA_216,Set C,UDP0216,AGCGCTTCGG,CCGAAGCGCT,TGCTAACTAT,ATAGTTAGCA 
,AS 1210,BAJA_217,Set C,UDP0217,GTTGATAGTG,CACTATCAAC,TCAGTTAATG,CATTAACTGA 
,AS 1017,BAJA_218,Set C,UDP0218,AATAGAGCAA,TTGCTCTATT,GTGACCTTGA,TCAAGGTCAC 
,AS 4 8,BAJA_219,Set C,UDP0219,CTAACTGTAA,TTACAGTTAG,ACATGCATAT,ATATGCATGT 
,AS 5 27,BAJA_220,Set C,UDP0220,GCGTACTTAG,CTAAGTACGC,AACATACCTA,TAGGTATGTT 
,AS 7 25,BAJA_221,Set C,UDP0221,TACCGAACTA,TAGTTCGGTA,CCATGTGTAG,CTACACATGG 
,AS 4 22,BAJA_222,Set C,UDP0222,GTAGTAATAG,CTATTACTAC,GAGTCTCTCC,GGAGAGACTC 
,AS 812,BAJA_223,Set C,UDP0223,GGTTATGCTA,TAGCATAACC,GCTATGCGCA,TGCGCATAGC 
,AS 4 15 ,BAJA_224,Set C,UDP0224,ACAATAGAGT,ACTCTATTGT,ATCGCATATG,CATATGCGAT 
,SP 0403,BAJA_225,Set C,UDP0225,GCTTCCACTA,TAGTGGAAGC,AGTACCTATA,TATAGGTACT 
,FS 9053,BAJA_226,Set C,UDP0226,AGATATGGCG,CGCCATATCT,GACCGGAGAT,ATCTCCGGTC 
,AS 613,BAJA_227,Set C,UDP0227,AATATGAAGC,GCTTCATATT,CGTTCAGCCT,AGGCTGAACG 
,AS 919,BAJA_228,Set C,UDP0228,TAGCGCTAGT,ACTAGCGCTA,TTACTTCCTC,GAGGAAGTAA 
,AS 911,BAJA_229,Set C,UDP0229,AGTTAAGAGC,GCTCTTAACT,CACGTCCACC,GGTGGACGTG 
,AS 829,BAJA_230,Set C,UDP0230,CAGATACCAC,GTGGTATCTG,GCTACTATCT,AGATAGTAGC 
,AS 1215,BAJA_231,Set C,UDP0231,ACGGCCGTCA,TGACGGCCGT,AGTCAACCAT,ATGGTTGACT 
,AS 1010,BAJA_232,Set C,UDP0232,GTAATTACTG,CAGTAATTAC,CGAGGCGGTA,TACCGCCTCG 
,AS 1024,BAJA_233,Set C,UDP0233,AAGTCTTGTA,TACAAGACTT,CAGGTGTTCA,TGAACACCTG 
,AS 428,BAJA_234,Set C,UDP0234,GTCACCACAG,CTGTGGTGAC,GACAGACAGG,CCTGTCTGTC 
,AS 91,BAJA_235,Set C,UDP0235,ATTAGTGGAG,CTCCACTAAT,TGTACTTGTT,AACAAGTACA 
,AS 713,BAJA_236,Set C,UDP0236,TGCTAACTAT,ATAGTTAGCA,CTCTAAGTAG,CTACTTAGAG 
,AS 621,BAJA_237,Set C,UDP0237,TAAGACCTAT,ATAGGTCTTA,GTCACCACAG,CTGTGGTGAC 
,AS 523,BAJA_238,Set C,UDP0238,TGGTTAAGAA,TTCTTAACCA,TCTACATACC,GGTATGTAGA 
,AS 624,BAJA_239,Set C,UDP0239,ACTCTTCCTT,AAGGAAGAGT,CACGTTAGGC,GCCTAACGTG 
,AS 718,BAJA_240,Set C,UDP0240,GTCTCCTTCC,GGAAGGAGAC,TGGTGAGTCT,AGACTCACCA 
,AS 613,BAJA_241,Set C,UDP0241,TCCGCGTTCA,TGAACGCGGA,CTTCGAAGGA,TCCTTCGAAG 
,AS 113,BAJA_242,Set C,UDP0242,AGGTTGCAGG,CCTGCAACCT,GTAGAGTCAG,CTGACTCTAC 
,AS 513,BAJA_243,Set C,UDP0243,GAACCATGAA,TTCATGGTTC,GACATTGTCA,TGACAATGTC 
,AS 822,BAJA_244,Set C,UDP0244,TTGAGAGGAT,ATCCTCTCAA,TCCGCAAGGC,GCCTTGCGGA 
,RT 117,BAJA_245,Set C,UDP0245,TGGTCTAGTG,CACTAGACCA,ACTGCCTTAT,ATAAGGCAGT 
,AS 818,BAJA_246,Set C,UDP0246,AGTGGATAAT,ATTATCCACT,TACGCACGTA,TACGTGCGTA 
,AS 117,BAJA_247,Set C,UDP0247,GGCACGCCAT,ATGGCGTGCC,CGCTTGAAGT,ACTTCAAGCG 
,AS 88,BAJA_248,Set C,UDP0248,GATCTCTGGA,TCCAGAGATC,CTGCACTTCA,TGAAGTGCAG 
,SP 627,BAJA_249,Set C,UDP0249,TGCTGGACAT,ATGTCCAGCA,CAGCGGACAA,TTGTCCGCTG 
,SP 628am,BAJA_250,Set C,UDP0250,CCGAACGTTG,CAACGTTCGG,GGATCCGCAT,ATGCGGATCC 
,SP 628 pm,BAJA_251,Set C,UDP0251,ATTAATACGC,GCGTATTAAT,TGCGGTGTTG,CAACACCGCA 
,SP 629,BAJA_252,Set C,UDP0252V2,CCAGATTCGG,CCGAATCTGG,ATGAATCAAG,CTTGATTCAT
,SP 76,BAJA_253,Set C,UDP0253,GGTATTGAGA,TCTCAATACC,GACGTTCGCG,CGCGAACGTC 
,SP 77,BAJA_254,Set C,UDP0254,CAAGATGCTT,AAGCATCTTG,CATTCAACAA,TTGTTGAATG 
,SP 82,BAJA_255,Set C,UDP0255,ACGAGACTGA,TCAGTCTCGT,CACGGATTAT,ATAATCCGTG 
,SP 85,BAJA_256,Set C,UDP0256,TTATCTTGCA,TGCAAGATAA,TTGAGGACGG,CCGTCCTCAA 
,SP 829,BAJA_257,Set C,UDP0257,AGATTGTTAC,GTAACAATCT,CTCTGTATAC,GTATACAGAG 
,SP 96,BAJA_258,Set C,UDP0258V2,TATACCATGG,CCATGGTATA,TCTCGCGGAG,CTCCGCGAGA
,SB 628,BAJA_259,Set C,UDP0259,AACGGTATGA,TCATACCGTT,GGTAACGCAG,CTGCGTTACC 
,SB 76 A,BAJA_260,Set C,UDP0260,CAATGGCGCC,GGCGCCATTG,ACCGCGCAAT,ATTGCGCGGT 
,SB 76 B,BAJA_261,Set C,UDP0261,CTAATTCGCT,AGCGAATTAG,AGCCGGAACA,TGTTCCGGCT 
,SB 914,BAJA_262,Set C,UDP0262,CATGGTCTAA,TTAGACCATG,TCCTAGGAAG,CTTCCTAGGA 
,SB 928,BAJA_263,Set C,UDP0263,ATACTGTGTG,CACACAGTAT,TTGAGCCTAA,TTAGGCTCAA 
,SB 106,BAJA_264,Set C,UDP0264,GCCGACAAGA,TCTTGTCGGC,CCACCTGTGT,ACACAGGTGG 
,SB 1010,BAJA_265,Set C,UDP0265,CGAGGCGGTA,TACCGCCTCG,CCTCGCAACC,GGTTGCGAGG 
,SB 1017,BAJA_266,Set C,UDP0266,GATATAACAG,CTGTTATATC,GTATAGCTGT,ACAGCTATAC 
,SB 1024,BAJA_267,Set C,UDP0267,TCGCCGGTTA,TAACCGGCGA,GCTACATTAG,CTAATGTAGC 
,SB 919,BAJA_268,Set C,UDP0268,AGACTCTCTT,AAGAGAGTCT,TACGAATCTT,AAGATTCGTA 
,SB 926,BAJA_269,Set C,UDP0269,GCTCGCCTAC,GTAGGCGAGC,TAGGAGCGCA,TGCGCTCCTA 
,SB 918,BAJA_270,Set C,UDP0270,AGGATAAGTT,AACTTATCCT,GTACTGGCGT,ACGCCAGTAC 
,krill ,BAJA_271,Set C,UDP0271,GAGACATAAT,ATTATGTCTC,AGTTAAGAGC,GCTCTTAACT 
,cop,BAJA_272,Set C,UDP0272,AGCTGTTATA,TATAACAGCT,TCGCGTATAA,TTATACGCGA 
,cop2,BAJA_273,Set C,UDP0273,GTATCATTGG,CCAATGATAC,GAGTGTGCCG,CGGCACACTC 
,cop2 on,BAJA_274,Set C,UDP0274,AATAGGCCTC,GAGGCCTATT,CTAGTCCGGA,TCCGGACTAG 
,K10,BAJA_275,Set C,UDP0275,CCGCTTAGCT,AGCTAAGCGG,ATTAATACGC,GCGTATTAAT 
,2CP1,BAJA_276,Set C,UDP0276,TCCTAGGAAG,CTTCCTAGGA,CCTAGAGTAT,ATACTCTAGG 
,2CP2,BAJA_277,Set C,UDP0277,TCACAGATCG,CGATCTGTGA,TAGGAAGACT,AGTCTTCCTA 
,1CP,BAJA_278,Set C,UDP0278,ACTTGTCCAC,GTGGACAAGT,CCGTGGCCTT,AAGGCCACGG 
,919,BAJA_279,Set C,UDP0279,TGTACTTGTT,AACAAGTACA,GGATATATCC,GGATATATCC 
,[blank],BAJA_280,Set C,UDP0280,CACTTAATCT,AGATTAAGTG,CACCTCTTGG,CCAAGAGGTG 
,S020,BAJA_281,Set C,UDP0281,CAGAGTGATA,TATCACTCTG,AACGTTACAT,ATGTAACGTT 
,SP,BAJA_282,Set C,UDP0282,GGCGAATTCT,AGAATTCGCC,CGGCAAGCTC,GAGCTTGCCG 
,S9053,BAJA_283,Set C,UDP0283,AGTGGTCAGG,CCTGACCACT,TCTTGGCTAT,ATAGCCAAGA 
,Con,BAJA_284,Set C,UDP0284,CATTCCAGCT,AGCTGGAATG,ACGGAATGCG,CGCATTCCGT 
,926,BAJA_285,Set C,UDP0285,CTCGTTATCA,TGATAACGAG,GTTCCGCAGG,CCTGCGGAAC 
,923,BAJA_286,Set C,UDP0286,CCTTACTATG,CATAGTAAGG,ACCAAGTTAC,GTAACTTGGT 
,106,BAJA_287,Set C,UDP0287,AGAAGCCAAT,ATTGGCTTCT,TGGCTCGCAG,CTGCGAGCCA 
,912,BAJA_288,Set C,UDP0288,TAATCGGTAC,GTACCGATTA,AACTAACGTT,AACGTTAGTT 